date,topic,subscribers,messages


2024-04-04,java,323790,24
2024-04-04,javascript,2382014,58
2024-04-04,Python,1222470,30
2024-04-04,csharp,250508,100
2024-04-07,java,324033,16
2024-04-07,javascript,2382148,43
2024-04-07,Python,1223180,38
2024-04-07,csharp,250780,100
2024-04-14,java,324858,19
2024-04-14,javascript,2382563,40
2024-04-14,Python,1225337,39
2024-04-14,csharp,251567,100
2024-04-21,java,325592,17
2024-04-21,javascript,2382892,39
2024-04-21,Python,1227272,46
2024-04-21,csharp,252258,100
2024-04-28,java,326300,14
2024-04-28,javascript,2383261,54
2024-04-28,Python,1229180,57
2024-04-28,csharp,253078,100
2024-05-05,java,327438,19
2024-05-05,javascript,2383846,47
2024-05-05,Python,1231205,45
2024-05-05,csharp,254003,83
2024-05-12,java,328273,39
2024-05-12,javascript,2384283,42
2024-05-12,Python,1233053,38
2024-05-12,csharp,254914,91
2024-05-19,java,328937,16
2024-05-19,javascript,2384603,46
2024-05-19,Python,1234806,48
2024-05-19,csharp,255724,100
2024-05-26,java,329482,18
2024-05-26,javascript,2384705,28
2024-05-26,Python,1236581,35
2024-05-26,csharp,256502,81
2024-06-02,java,330155,26
2024-06-02,javascript,2385080,55
2024-06-02,Python,1238633,36
2024-06-02,csharp,257262,96
2024-06-09,java,330814,16
2024-06-09,javascript,2385470,41
2024-06-09,Python,1240581,47
2024-06-09,csharp,257986,85
2024-06-16,java,331564,18
2024-06-16,javascript,2385802,40
2024-06-16,Python,1242528,55
2024-06-16,csharp,258623,100
2024-06-23,java,332267,17
2024-06-23,javascript,2386232,51
2024-06-23,Python,1244607,49
2024-06-23,csharp,259271,73
2024-06-30,java,332878,15
2024-06-30,javascript,2386639,46
2024-06-30,Python,1246615,42
2024-06-30,csharp,259916,90
2024-07-07,java,333545,16
2024-07-07,javascript,2387029,46
2024-07-07,Python,1248661,57
2024-07-07,csharp,260618,72
2024-07-14,java,334172,14
2024-07-14,javascript,2387407,54
2024-07-14,Python,1250866,47
2024-07-14,csharp,261315,68
2024-07-21,java,334795,19
2024-07-21,javascript,2387703,36
2024-07-21,Python,1252854,49
2024-07-21,csharp,262129,91
2024-07-28,java,335485,19
2024-07-28,javascript,2388147,39
2024-07-28,Python,1255048,48
2024-07-28,csharp,262913,86
2024-08-04,java,336172,30
2024-08-04,javascript,2388610,36
2024-08-04,Python,1257205,47
2024-08-04,csharp,263644,100
2024-08-11,java,336871,19
2024-08-11,javascript,2389321,63
2024-08-11,Python,1259519,37
2024-08-11,csharp,264453,93
2024-08-18,java,337656,19
2024-08-18,javascript,2389735,52
2024-08-18,Python,1261720,49
2024-08-18,csharp,265297,100
2024-08-25,java,338672,19
2024-08-25,javascript,2390225,47
2024-08-25,Python,1264075,63
2024-08-25,csharp,266194,98
2024-09-01,java,339385,17
2024-09-01,javascript,2390762,56
2024-09-01,Python,1266574,46
2024-09-01,csharp,266991,100
2024-09-08,java,340298,17
2024-09-08,javascript,2391362,45
2024-09-08,Python,1269099,52
2024-09-08,csharp,267804,98
